Time_min,Temp_C,Mass_mg,Heat_Flow_mW
0.004166667,51.54055,10.11991,14.2919
0.0125,51.52994,10.11974,14.28526
0.02083334,51.51726,10.11968,14.27794
0.02916666,51.50963,10.11949,14.27087
0.0375,51.49832,10.11943,14.26558
0.04583334,51.4895,10.11931,14.25694
0.05416668,51.47529,10.11916,14.24984
0.0625,51.46044,10.11904,14.24283
0.07083332,51.44875,10.11888,14.23672
0.07916666,51.44498,10.1188,14.23024
0.0875,51.43198,10.11863,14.22519
0.09583332,51.42094,10.11863,14.21914
0.1041666,51.4109,10.11847,14.21352
0.1125,51.40149,10.11845,14.20824
0.1208333,51.3886,10.11833,14.20126
0.1291666,51.3809,10.11819,14.19497
0.1375,51.37472,10.11823,14.19005
0.1458333,51.3633,10.11807,14.18795
0.1541667,51.35664,10.11809,14.1844
0.1625,51.35268,10.11793,14.1815
0.1708334,51.34274,10.11791,14.17949
0.1791666,51.34113,10.11774,14.1779
0.1875,51.33958,10.11765,14.17683
0.1958334,51.33425,10.11759,14.17737
0.2041667,51.33306,10.11745,14.17986
0.2125,51.32788,10.11752,14.18616
0.2208333,51.32149,10.11732,14.19126
0.2291667,51.31387,10.11742,14.19615
0.2375,51.31695,10.11726,14.19988
0.2458334,51.31549,10.1173,14.20431
0.2541666,51.32028,10.11721,14.21058
0.2625,51.31936,10.1172,14.21902
0.2708334,51.32061,10.11722,14.22569
0.2791667,51.3264,10.11707,14.23171
0.2875,51.33003,10.11719,14.23833
0.2958333,51.33642,10.11699,14.2437
0.3041667,51.33902,10.11713,14.25068
0.3125,51.34688,10.11695,14.25652
0.3208333,51.3582,10.11703,14.26156
0.3291667,51.37084,10.11696,14.26622
0.3375,51.37492,10.11692,14.27232
0.3458333,51.38839,10.11693,14.27494
0.3541666,51.4022,10.11679,14.27779
0.3625,51.41546,10.11688,14.27828
0.3708334,51.43318,10.11671,14.2781
0.3791666,51.45028,10.11684,14.27554
0.3875,51.46496,10.11664,14.27188
0.3958334,51.4882,10.11668,14.26586
0.4041666,51.50106,10.11662,14.25976
0.4125,51.52156,10.11657,14.24954
0.4208333,51.54784,10.11664,14.23433
0.4291667,51.57215,10.11649,14.21901
0.4375,51.58951,10.11659,14.20236
0.4458333,51.61852,10.11645,14.18242
0.4541667,51.64256,10.11652,14.16079
0.4625,51.67281,10.11637,14.13571
0.4708334,51.70285,10.11642,14.10929
0.4791666,51.74198,10.11633,14.07755
0.4875,51.77491,10.11625,14.04558
0.4958334,51.81168,10.11626,14.01205
0.5041666,51.84111,10.11609,13.97806
0.5125,51.87835,10.1162,13.93862
0.5208332,51.91402,10.11605,13.89754
0.5291666,51.94831,10.11609,13.85409
0.5375,51.99294,10.11597,13.80484
0.5458334,52.02944,10.11598,13.75447
0.5541668,52.06982,10.11592,13.69933
0.5625,52.11862,10.11589,13.64117
0.5708332,52.16356,10.11586,13.57986
0.5791666,52.2066,10.11572,13.51482
0.5875,52.25738,10.11578,13.44506
0.5958334,52.3066,10.11563,13.37303
0.6041668,52.3584,10.11564,13.29825
0.6125,52.40912,10.11555,13.22108
0.6208334,52.45906,10.11552,13.14144
0.6291666,52.51766,10.11548,13.05835
0.6375,52.57324,10.1154,12.97273
0.6458332,52.63724,10.11536,12.88162
0.6541666,52.6984,10.11526,12.78963
0.6625,52.75716,10.1153,12.69551
0.6708334,52.82395,10.1151,12.59642
0.6791668,52.88678,10.1151,12.49544
0.6875,52.9538,10.11492,12.39093
0.6958332,53.0274,10.11491,12.28234
0.7041666,53.09376,10.11482,12.17202
0.7125,53.16282,10.11472,12.05931
0.7208334,53.23391,10.1147,11.94387
0.7291668,53.3106,10.11465,11.82465
0.7375,53.38228,10.11462,11.70195
0.7458334,53.45891,10.1145,11.5752
0.7541666,53.5381,10.11448,11.44531
0.7625,53.62498,10.11438,11.31166
0.7708332,53.701,10.11441,11.17718
0.7791666,53.7839,10.11432,11.03754
0.7875,53.8719,10.11426,10.89491
0.7958334,53.9503,10.1142,10.7495
0.8041668,54.0404,10.11411,10.60086
0.8125,54.13332,10.11402,10.45091
0.8208332,54.2231,10.11399,10.29928
0.8291666,54.313,10.11387,10.14432
0.8375,54.4091,10.11386,9.987109
0.8458334,54.50508,10.11379,9.826408
0.8541668,54.5994,10.11369,9.663434
0.8625,54.70263,10.11365,9.497155
0.8708332,54.79436,10.11357,9.330832
0.8791668,54.89424,10.1135,9.160632
0.8875,55.00097,10.11341,8.986822
0.8958332,55.10684,10.11332,8.810034
0.9041666,55.20694,10.1132,8.630778
0.9125,55.31494,10.11318,8.449026
0.9208334,55.42807,10.11305,8.265839
0.9291668,55.5396,10.11296,8.08141
0.9375,55.64905,10.11289,7.89477
0.9458332,55.76118,10.11276,7.705831
0.9541666,55.8761,10.11271,7.513852
0.9625,55.99085,10.11258,7.320924
0.9708334,56.10945,10.11253,7.125062
0.9791668,56.22544,10.11241,6.927389
0.9875,56.35104,10.11236,6.728003
0.9958332,56.47782,10.11227,6.527888
1.004167,56.60379,10.11218,6.324766
1.0125,56.72388,10.11211,6.121132
1.020833,56.85088,10.11193,5.914672
1.029167,56.9808,10.11188,5.706127
1.0375,57.10855,10.11169,5.49527
1.045834,57.23638,10.11167,5.282856
1.054167,57.373,10.11148,5.06809
1.0625,57.50386,10.11143,4.853632
1.070833,57.63856,10.11128,4.637374
1.079166,57.77386,10.11112,4.418377
1.0875,57.91648,10.11104,4.197852
1.095833,58.05162,10.11083,3.97743
1.104166,58.18777,10.11084,3.755538
1.1125,58.32797,10.11059,3.53268
1.120833,58.4694,10.11059,3.309192
1.129167,58.61413,10.11038,3.084862
1.1375,58.74846,10.11032,2.859075
1.145834,58.89506,10.11014,2.630627
1.154167,59.045,10.10999,2.401396
1.1625,59.19108,10.10987,2.173242
1.170834,59.3367,10.10961,1.942674
1.179167,59.49082,10.10962,1.710281
1.1875,59.6412,10.10929,1.477894
1.195833,59.79121,10.10933,1.2452
1.204166,59.94826,10.10901,1.011329
1.2125,60.10151,10.10896,0.7777498
1.220833,60.25623,10.10878,0.5451004
1.229166,60.41011,10.10861,0.3112643
1.2375,60.57332,10.10852,0.07713344
1.245833,60.73113,10.10826,-0.1596094
1.254167,60.89262,10.10826,-0.3939719
1.2625,61.04954,10.10792,-0.62858
1.270834,61.2116,10.10796,-0.8630149
1.279167,61.37646,10.10757,-1.097592
1.2875,61.53803,10.10755,-1.332466
1.295834,61.70196,10.10728,-1.568542
1.304167,61.86556,10.10706,-1.804071
1.3125,62.03409,10.10697,-2.03844
1.320833,62.20165,10.10663,-2.273112
1.329166,62.36523,10.10663,-2.507067
1.3375,62.53215,10.1063,-2.742812
1.345833,62.7023,10.10627,-2.978521
1.354166,62.86566,10.10594,-3.214848
1.3625,63.0354,10.10585,-3.449771
1.370833,63.20982,10.10563,-3.683319
1.379167,63.38158,10.10544,-3.915731
1.3875,63.55953,10.1053,-4.148582
1.395834,63.73215,10.10498,-4.381576
1.404167,63.9005,10.10496,-4.614328
1.4125,64.08399,10.10459,-4.8461
1.420834,64.25337,10.10449,-5.078487
1.429167,64.43466,10.10419,-5.309018
1.4375,64.6111,10.10398,-5.538014
1.445833,64.79304,10.1038,-5.766418
1.454166,64.97063,10.10352,-5.994606
1.4625,65.15302,10.10334,-6.221831
1.470833,65.33264,10.10306,-6.448892
1.479166,65.51026,10.1029,-6.675908
1.4875,65.69734,10.10253,-6.899676
1.495833,65.87149,10.10236,-7.123249
1.504167,66.05274,10.10207,-7.344534
1.5125,66.23495,10.1018,-7.565608
1.520834,66.42229,10.10164,-7.78656
1.529167,66.606,10.10129,-8.006301
1.5375,66.79284,10.1011,-8.224704
1.545834,66.9846,10.1008,-8.440918
1.554167,67.17066,10.10056,-8.654875
1.5625,67.35482,10.10026,-8.867345
1.570833,67.53976,10.10002,-9.079845
1.579166,67.72578,10.09974,-9.291278
1.5875,67.91036,10.09944,-9.501088
1.595833,68.1027,10.09924,-9.707918
1.604166,68.29264,10.09884,-9.913549
1.6125,68.47913,10.09862,-10.11874
1.620833,68.66066,10.09827,-10.32287
1.629167,68.85628,10.09794,-10.52462
1.6375,69.04297,10.09765,-10.72766
1.645834,69.232,10.09731,-10.92958
1.654167,69.42042,10.09707,-11.12984
1.6625,69.61337,10.09668,-11.32653
1.670834,69.80061,10.09642,-11.52324
1.679166,69.99705,10.09599,-11.7181
1.6875,70.18808,10.09576,-11.91144
1.695834,70.38614,10.09536,-12.10148
1.704166,70.58387,10.09505,-12.28885
1.7125,70.7752,10.0948,-12.4754
1.720833,70.9653,10.09438,-12.65993
1.729166,71.16812,10.09411,-12.83968
1.7375,71.35356,10.09364,-13.02157
1.745833,71.54399,10.09338,-13.20181
1.754167,71.7345,10.09293,-13.38041
1.7625,71.92872,10.09265,-13.55515
1.770834,72.12212,10.09222,-13.72886
1.779167,72.31389,10.09186,-13.90204
1.7875,72.51006,10.09152,-14.07406
1.795834,72.70657,10.09103,-14.24445
1.804166,72.8999,10.09079,-14.41386
1.8125,73.09691,10.09029,-14.58018
1.820834,73.29068,10.09004,-14.74463
1.829166,73.4805,10.08958,-14.90786
1.8375,73.67504,10.08929,-15.06918
1.845833,73.87822,10.08884,-15.22648
1.854166,74.06934,10.08841,-15.38432
1.8625,74.27109,10.08804,-15.53707
1.870833,74.46444,10.08753,-15.68971
1.879167,74.66052,10.08724,-15.83914
1.8875,74.85449,10.08664,-15.98667
1.895834,75.05072,10.08635,-16.13264
1.904167,75.24691,10.08578,-16.27688
1.9125,75.43876,10.08541,-16.42122
1.920834,75.63355,10.08493,-16.56159
1.929166,75.8334,10.08447,-16.69824
1.9375,76.03182,10.08412,-16.83353
1.945834,76.21744,10.0836,-16.97078
1.954166,76.41684,10.08329,-17.10274
1.9625,76.61098,10.0827,-17.23447
1.970833,76.80768,10.08237,-17.36364
1.979166,76.9934,10.08179,-17.49354
1.9875,77.1853,10.08141,-17.62078
1.995833,77.3835,10.08091,-17.74294
2.004166,77.5822,10.08043,-17.86262
2.0125,77.77424,10.08002,-17.98314
2.020833,77.96913,10.0795,-18.10066
2.029167,78.15859,10.07911,-18.21737
2.0375,78.35882,10.07847,-18.32869
2.045834,78.54749,10.07809,-18.4417
2.054166,78.74413,10.0775,-18.55038
2.0625,78.93837,10.07707,-18.65795
2.070834,79.12344,10.07651,-18.7657
2.079166,79.322,10.076,-18.86814
2.0875,79.51179,10.07547,-18.97073
2.095833,79.70108,10.07494,-19.0725
2.104167,79.90122,10.07441,-19.16938
2.1125,80.09326,10.07383,-19.26632
2.120834,80.28861,10.07337,-19.36078
2.129166,80.47632,10.07275,-19.45474
2.1375,80.67071,10.0723,-19.54535
2.145833,80.85775,10.07172,-19.63632
2.154167,81.04715,10.07122,-19.72417
2.1625,81.23243,10.07064,-19.8118
2.170834,81.42798,10.07011,-19.89477
2.179166,81.61925,10.06949,-19.97549
2.1875,81.81087,10.06892,-20.05452
2.195834,82.00426,10.06838,-20.13144
2.204166,82.19296,10.06776,-20.20803
2.2125,82.37918,10.06726,-20.28344
2.220833,82.56774,10.06658,-20.35658
2.229167,82.7561,10.06606,-20.42768
2.2375,82.94845,10.06539,-20.49534
2.245834,83.13501,10.06486,-20.56256
2.254166,83.31939,10.06422,-20.62868
2.2625,83.50994,10.06364,-20.69266
2.270833,83.69676,10.06308,-20.75452
2.279167,83.88272,10.0624,-20.81516
2.2875,84.07007,10.06186,-20.87334
2.295834,84.25928,10.0611,-20.92966
2.304166,84.44151,10.06058,-20.98601
2.3125,84.63038,10.05984,-21.03831
2.320834,84.81608,10.05934,-21.09026
2.329166,85.0038,10.0586,-21.13962
2.3375,85.18725,10.05798,-21.18862
2.345833,85.37403,10.05738,-21.23382
2.354167,85.55707,10.05664,-21.27952
2.3625,85.74256,10.0561,-21.32214
2.370834,85.92781,10.05533,-21.36325
2.379166,86.10914,10.05483,-21.4042
2.3875,86.29728,10.05407,-21.44068
2.395833,86.47569,10.05351,-21.4778
2.404167,86.66132,10.05272,-21.51158
2.4125,86.84242,10.05213,-21.5448
2.420834,87.02494,10.05143,-21.57615
2.429166,87.20949,10.05069,-21.60517
2.4375,87.38751,10.05013,-21.63512
2.445834,87.57059,10.04929,-21.6621
2.454166,87.75197,10.04875,-21.68783
2.4625,87.92856,10.0479,-21.7137
2.470833,88.11488,10.04731,-21.73497
2.479167,88.28995,10.04654,-21.75826
2.4875,88.47348,10.0459,-21.77686
2.495834,88.64966,10.04518,-21.79685
2.504166,88.83163,10.04442,-21.81314
2.5125,89.008,10.04377,-21.83018
2.520833,89.18562,10.04289,-21.84524
2.529167,89.35892,10.04233,-21.86042
2.5375,89.53139,10.04146,-21.87438
2.545834,89.71601,10.04083,-21.88237
2.554166,89.88789,10.04003,-21.89304
2.5625,90.06616,10.03922,-21.90199
2.570834,90.24228,10.03848,-21.90918
2.579166,90.42494,10.03766,-21.91253
2.5875,90.59676,10.03699,-21.91825
2.595833,90.77662,10.03611,-21.91931
2.604167,90.95098,10.03543,-21.92079
2.6125,91.13006,10.03451,-21.91925
2.620834,91.30262,10.03373,-21.9181
2.629166,91.47918,10.03291,-21.9139
2.6375,91.64924,10.03202,-21.91153
2.645833,91.82234,10.03131,-21.90584
2.654167,91.99501,10.03034,-21.89952
2.6625,92.17528,10.02956,-21.88898
2.670834,92.34536,10.02862,-21.88058
2.679166,92.51712,10.02778,-21.87117
2.6875,92.68661,10.02694,-21.86118
2.695834,92.86084,10.02605,-21.84836
2.704166,93.03153,10.02526,-21.83606
2.7125,93.20166,10.02432,-21.82275
2.720833,93.36906,10.02356,-21.80898
2.729167,93.54006,10.02259,-21.79292
2.7375,93.70696,10.02176,-21.77778
2.745834,93.87687,10.02091,-21.76123
2.754166,94.04772,10.01997,-21.74318
2.7625,94.2187,10.01917,-21.72372
2.770833,94.38826,10.01812,-21.70334
2.779167,94.55501,10.01731,-21.6832
2.7875,94.7254,10.01629,-21.66013
2.795834,94.89218,10.01538,-21.6376
2.804166,95.06022,10.01444,-21.61334
2.8125,95.22639,10.01348,-21.58955
2.820834,95.3966,10.01261,-21.5628
2.829166,95.56319,10.01152,-21.53602
2.8375,95.72944,10.01072,-21.50838
2.845833,95.89781,10.00962,-21.47905
2.854167,96.05616,10.00879,-21.45256
2.8625,96.22095,10.00776,-21.42273
2.870834,96.39034,10.00676,-21.39098
2.879166,96.55363,10.0059,-21.36047
2.8875,96.7208,10.00475,-21.32746
2.895833,96.88328,10.00391,-21.29414
2.904167,97.05207,10.00276,-21.2585
2.9125,97.21368,10.0019,-21.2248
2.920834,97.37486,10.00075,-21.19081
2.929166,97.54051,9.999812,-21.15454
2.9375,97.7009,9.998725,-21.11844
2.945834,97.86708,9.99767,-21.07988
2.954166,98.02961,9.996756,-21.042
2.9625,98.19062,9.99546,-21.00348
2.970833,98.34982,9.994628,-20.96515
2.979167,98.51586,9.993348,-20.92393
2.9875,98.67902,9.992416,-20.88269
2.995834,98.83822,9.991236,-20.84248
3.004166,99.00468,9.990168,-20.79878
3.0125,99.16738,9.989095,-20.75527
3.020833,99.33009,9.98792,-20.71189
3.029167,99.48548,9.986932,-20.67009
3.0375,99.65322,9.985595,-20.62355
3.045834,99.8097,9.984695,-20.58022
3.054166,99.97344,9.983339,-20.53386
3.0625,100.1282,9.98237,-20.48976
3.070834,100.29,9.981132,-20.44315
3.079166,100.4517,9.979942,-20.39529
3.0875,100.611,9.978887,-20.34751
3.095833,100.7633,9.977488,-20.30196
3.104167,100.9248,9.976509,-20.25293
3.1125,101.0802,9.975099,-20.20504
3.120834,101.2414,9.9741,-20.15505
3.129166,101.3991,9.972798,-20.10555
3.1375,101.5601,9.971652,-20.05482
3.145833,101.7167,9.970366,-20.00506
3.154167,101.8781,9.969087,-19.95333
3.1625,102.0344,9.967976,-19.90276
3.170834,102.1923,9.966495,-19.85196
3.179166,102.3506,9.965469,-19.8002
3.1875,102.5114,9.963988,-19.74666
3.195834,102.6645,9.962843,-19.69508
3.204167,102.8211,9.961439,-19.64281
3.2125,102.9831,9.960116,-19.58862
3.220833,103.1377,9.958808,-19.53579
3.229167,103.293,9.957384,-19.48263
3.2375,103.4526,9.956157,-19.42822
3.245834,103.6055,9.954593,-19.37556
3.254166,103.7585,9.953391,-19.32258
3.2625,103.9151,9.951852,-19.26842
3.270833,104.0705,9.950518,-19.21432
3.279167,104.2266,9.949042,-19.16012
3.2875,104.3869,9.947588,-19.10362
3.295833,104.5379,9.946149,-19.04959
3.304166,104.6929,9.94466,-18.99465
3.3125,104.8515,9.94325,-18.93826
3.320834,105.0094,9.94165,-18.8816
3.329167,105.1616,9.940256,-18.82606
3.3375,105.3209,9.938641,-18.76803
3.345833,105.47,9.937157,-18.71322
3.354167,105.6298,9.935601,-18.65627
3.3625,105.7797,9.934058,-18.60148
3.370834,105.9326,9.932555,-18.54561
3.379166,106.0946,9.930949,-18.48699
3.3875,106.245,9.929344,-18.43142
3.395833,106.3986,9.92766,-18.37514
3.404167,106.5594,9.92602,-18.31689
3.4125,106.7134,9.924305,-18.26036
3.420833,106.8645,9.922649,-18.20433
3.429166,107.018,9.920903,-18.14745
3.4375,107.1763,9.919158,-18.08835
3.445834,107.3275,9.917356,-18.03121
3.454167,107.4814,9.915506,-17.97373
3.4625,107.6338,9.91366,-17.91724
3.470833,107.7874,9.911824,-17.8606
3.479167,107.942,9.909996,-17.80373
3.4875,108.0962,9.90809,-17.74709
3.495834,108.2534,9.906095,-17.68984
3.504166,108.404,9.903985,-17.63435
3.5125,108.5567,9.901861,-17.57858
3.520833,108.7096,9.899598,-17.52321
3.529167,108.8654,9.897284,-17.46718
3.5375,109.0189,9.894842,-17.4115
3.545833,109.1634,9.892343,-17.35795
3.554166,109.3193,9.889644,-17.30163
3.5625,109.4649,9.886895,-17.24794
3.570834,109.6247,9.883965,-17.19044
3.579167,109.7761,9.880981,-17.13524
3.5875,109.9309,9.877837,-17.07989
3.595833,110.0846,9.874481,-17.0247
3.604167,110.2354,9.871039,-16.97022
3.6125,110.3898,9.867368,-16.91534
3.620834,110.5405,9.863642,-16.8622
3.629166,110.6923,9.859631,-16.8092
3.6375,110.8472,9.855653,-16.75581
3.645833,111.0015,9.851376,-16.70303
3.654167,111.155,9.847039,-16.65076
3.6625,111.3091,9.842512,-16.59875
3.670833,111.4624,9.837947,-16.54758
3.679166,111.6203,9.833391,-16.49546
3.6875,111.7746,9.82871,-16.44475
3.695834,111.9221,9.824165,-16.39641
3.704167,112.0818,9.819493,-16.3452
3.7125,112.2323,9.81503,-16.29695
3.720833,112.3825,9.810387,-16.24892
3.729167,112.5385,9.806,-16.19975
3.7375,112.6916,9.801629,-16.15215
3.745834,112.8428,9.797405,-16.10519
3.754166,112.9952,9.79325,-16.05827
3.7625,113.1497,9.789118,-16.01104
3.770833,113.3078,9.785186,-15.9636
3.779167,113.4535,9.781141,-15.9192
3.7875,113.6051,9.777335,-15.87429
3.795833,113.7569,9.773352,-15.82909
3.804166,113.9125,9.769566,-15.78349
3.8125,114.0646,9.765642,-15.73912
3.820834,114.2154,9.761812,-15.69516
3.829167,114.3755,9.757966,-15.64978
3.8375,114.5335,9.754078,-15.60492
3.845833,114.6868,9.750288,-15.5619
3.854167,114.8399,9.746272,-15.51946
3.8625,114.9928,9.742486,-15.47706
3.870834,115.148,9.738328,-15.43395
3.879166,115.3045,9.734353,-15.39115
3.8875,115.4576,9.730181,-15.349
3.895833,115.6139,9.725949,-15.30694
3.904167,115.7668,9.721704,-15.26599
3.9125,115.9207,9.717234,-15.22535
3.920833,116.0749,9.712938,-15.18485
3.929166,116.2318,9.708316,-15.14398
3.9375,116.3827,9.70393,-15.10442
3.945834,116.5394,9.699242,-15.06404
3.954167,116.6957,9.694774,-15.02368
3.9625,116.8518,9.690197,-14.98308
3.970833,117.0023,9.685574,-14.94475
3.979167,117.1587,9.681049,-14.905
3.9875,117.3124,9.676215,-14.86626
3.995834,117.4686,9.671587,-14.82739
4.004166,117.6236,9.666664,-14.7891
4.0125,117.7752,9.661926,-14.75184
4.020834,117.9342,9.657012,-14.71331
4.029167,118.0887,9.652134,-14.67596
4.0375,118.2444,9.64727,-14.63849
4.045833,118.3972,9.642297,-14.60229
4.054167,118.5535,9.637544,-14.5655
4.0625,118.7127,9.632578,-14.52849
4.070833,118.8688,9.62789,-14.49203
4.079167,119.0199,9.623134,-14.45677
4.0875,119.177,9.618449,-14.42059
4.095833,119.336,9.613749,-14.38362
4.104166,119.4913,9.608992,-14.3477
4.1125,119.6493,9.604278,-14.31157
4.120834,119.8066,9.599472,-14.27614
4.129166,119.9613,9.594735,-14.24141
4.1375,120.1185,9.589825,-14.20617
4.145834,120.2843,9.585028,-14.16952
4.154167,120.4392,9.580049,-14.1354
4.1625,120.5962,9.575039,-14.10064
4.170833,120.7566,9.569947,-14.06512
4.179167,120.9132,9.564772,-14.0312
4.1875,121.0747,9.559519,-13.99601
4.195833,121.2284,9.554131,-13.96254
4.204167,121.3829,9.54865,-13.92937
4.2125,121.5447,9.543075,-13.89432
4.220833,121.7029,9.537408,-13.86032
4.229166,121.8642,9.531668,-13.82541
4.2375,122.0192,9.525897,-13.79183
4.245834,122.1784,9.519992,-13.75774
4.254166,122.34,9.514044,-13.72374
4.2625,122.5025,9.507986,-13.68916
4.270834,122.6608,9.501975,-13.65581
4.279167,122.8136,9.495942,-13.62359
4.2875,122.9767,9.489959,-13.58966
4.295833,123.1339,9.483944,-13.55756
4.304167,123.296,9.478009,-13.52448
4.3125,123.4548,9.472081,-13.49235
4.320833,123.6183,9.466242,-13.45896
4.329167,123.7738,9.460493,-13.42729
4.3375,123.9408,9.454804,-13.39365
4.345833,124.1032,9.449254,-13.36136
4.354166,124.2611,9.443758,-13.33013
4.3625,124.4219,9.438316,-13.29822
4.370834,124.5814,9.432915,-13.26639
4.379166,124.7454,9.427585,-13.23376
4.3875,124.902,9.422216,-13.20264
4.395834,125.0686,9.416847,-13.1698
4.404167,125.2351,9.411388,-13.13735
4.4125,125.396,9.405889,-13.10591
4.420833,125.5592,9.40035,-13.07349
4.429167,125.7188,9.394758,-13.04219
4.4375,125.8817,9.389101,-13.0107
4.445833,126.0451,9.383391,-12.97907
4.454167,126.2108,9.37757,-12.94732
4.4625,126.3708,9.371661,-12.91658
4.470833,126.5319,9.36577,-12.88571
4.479166,126.6952,9.359826,-12.85482
4.4875,126.8598,9.353976,-12.82389
4.495834,127.02,9.348136,-12.79341
4.504166,127.1838,9.342285,-12.76301
4.5125,127.3446,9.336508,-12.73238
4.520834,127.5094,9.330691,-12.70096
4.529167,127.6708,9.32497,-12.67036
4.5375,127.8385,9.319228,-12.63834
4.545833,128.003,9.31358,-12.60746
4.554167,128.1715,9.307869,-12.57605
4.5625,128.34,9.302245,-12.54433
4.570833,128.5006,9.296595,-12.5142
4.579167,128.6644,9.290946,-12.48398
4.5875,128.8308,9.285434,-12.45291
4.595833,128.9938,9.279812,-12.4227
4.604166,129.1617,9.274336,-12.39149
4.6125,129.3224,9.268766,-12.36179
4.620834,129.4955,9.263335,-12.33045
4.629166,129.6601,9.257869,-12.29974
4.6375,129.8241,9.252488,-12.26891
4.645834,129.9906,9.247101,-12.23808
4.654167,130.1542,9.241694,-12.20766
4.6625,130.3218,9.236431,-12.1765
4.670833,130.49,9.23104,-12.14577
4.679167,130.6543,9.225845,-12.11601
4.6875,130.8243,9.220488,-12.0852
4.695833,130.9886,9.215306,-12.05493
4.704167,131.1596,9.210084,-12.02393
4.7125,131.3268,9.204844,-11.99393
4.720833,131.4918,9.199706,-11.96402
4.729166,131.6601,9.194494,-11.93341
4.7375,131.8249,9.189384,-11.90359
4.745834,131.9928,9.184144,-11.8735
4.754166,132.1596,9.179018,-11.84368
4.7625,132.3264,9.173754,-11.81337
4.770834,132.4992,9.168621,-11.7827
4.779167,132.6653,9.163432,-11.75312
4.7875,132.8344,9.158234,-11.72272
4.795833,133.0014,9.153159,-11.69295
4.804167,133.1717,9.147981,-11.6631
4.8125,133.3448,9.143009,-11.63261
4.820833,133.5149,9.137949,-11.60189
4.829167,133.6887,9.132984,-11.57056
4.8375,133.8583,9.127978,-11.5398
4.845833,134.0312,9.123028,-11.50938
4.854166,134.2041,9.118105,-11.47886
4.8625,134.3688,9.113137,-11.44975
4.870834,134.541,9.108199,-11.41978
4.879166,134.7082,9.103253,-11.39026
4.8875,134.8767,9.098305,-11.36068
4.895834,135.0484,9.093326,-11.33119
4.904167,135.2197,9.08836,-11.30223
4.9125,135.3906,9.083416,-11.27343
4.920833,135.5594,9.078451,-11.24481
4.929167,135.7269,9.073544,-11.21581
4.9375,135.8984,9.068651,-11.18649
4.945833,136.075,9.063788,-11.15612
4.954167,136.2454,9.059009,-11.12703
4.9625,136.4073,9.054089,-11.09938
4.970833,136.5779,9.049303,-11.07082
4.979166,136.751,9.044371,-11.04192
4.9875,136.9258,9.039566,-11.01287
4.995834,137.0979,9.034714,-10.98454
5.004166,137.2645,9.029934,-10.9569
5.0125,137.4356,9.025101,-10.92874
5.020834,137.6069,9.020224,-10.90063
5.029167,137.78,9.015457,-10.87273
5.0375,137.951,9.010509,-10.84527
5.045833,138.1211,9.005875,-10.81767
5.054167,138.2939,9.001045,-10.7896
5.0625,138.463,8.996422,-10.76206
5.070833,138.6372,8.991691,-10.73431
5.079167,138.8115,8.986999,-10.70611
5.0875,138.984,8.982374,-10.67848
5.095833,139.1535,8.977655,-10.65142
5.104166,139.3219,8.973113,-10.62446
5.1125,139.4958,8.968351,-10.59688
5.120834,139.6647,8.96391,-10.56981
5.129166,139.8352,8.959136,-10.54295
5.1375,140.0104,8.95464,-10.51572
5.145834,140.1834,8.949981,-10.48872
5.154167,140.36,8.945372,-10.46127
5.1625,140.5285,8.940839,-10.43518
5.170833,140.7036,8.936112,-10.40827
5.179167,140.8804,8.931665,-10.38143
5.1875,141.0513,8.926953,-10.35544
5.195833,141.2226,8.922494,-10.32986
5.204167,141.3934,8.917774,-10.30409
5.2125,141.569,8.913324,-10.27788
5.220833,141.7468,8.908648,-10.25166
5.229166,141.9163,8.904051,-10.22654
5.2375,142.0882,8.899476,-10.20136
5.245834,142.2592,8.894741,-10.17614
5.254166,142.437,8.890282,-10.15049
5.2625,142.6116,8.885548,-10.12547
5.270834,142.786,8.881066,-10.10014
5.279168,142.9634,8.876426,-10.07439
5.2875,143.1327,8.871919,-10.04979
5.295832,143.3056,8.867296,-10.0245
5.304168,143.4779,8.862766,-9.999715
5.3125,143.6575,8.858269,-9.974476
5.320832,143.8257,8.853719,-9.95003
5.329168,144.0001,8.849335,-9.925416
5.3375,144.1761,8.844689,-9.900632
5.345832,144.3469,8.84029,-9.876547
5.354166,144.5242,8.835699,-9.852101
5.3625,144.691,8.831236,-9.828862
5.370834,144.8686,8.826753,-9.804559
5.379166,145.0385,8.822241,-9.781494
5.3875,145.2173,8.817788,-9.757218
5.395834,145.3907,8.813211,-9.733276
5.404168,145.5715,8.808835,-9.709016
5.4125,145.7527,8.804234,-9.684801
5.420832,145.9213,8.799869,-9.662159
5.429168,146.094,8.79533,-9.638719
5.4375,146.2674,8.790907,-9.615747
5.445832,146.4417,8.786457,-9.592453
5.454168,146.6176,8.781934,-9.569634
5.4625,146.7913,8.777558,-9.546826
5.470832,146.9647,8.773032,-9.523993
5.479166,147.1383,8.768676,-9.501293
5.4875,147.3139,8.76412,-9.478961
5.495834,147.4906,8.759759,-9.456546
5.504166,147.6664,8.755294,-9.434116
5.5125,147.8412,8.750853,-9.412103
5.520834,148.0137,8.746424,-9.390506
5.529168,148.1864,8.741887,-9.369309
5.5375,148.3618,8.737518,-9.347572
5.545832,148.5332,8.733007,-9.326082
5.554168,148.71,8.728586,-9.304872
5.5625,148.8816,8.724169,-9.284574
5.570832,149.057,8.71972,-9.263634
5.579168,149.2304,8.715297,-9.242868
5.5875,149.4036,8.710826,-9.222272
5.595832,149.5774,8.706421,-9.201843
5.604166,149.7473,8.701931,-9.18171
5.6125,149.9229,8.697551,-9.161062
5.620834,150.0966,8.693047,-9.141041
5.629166,150.2738,8.688566,-9.121289
5.6375,150.4454,8.684109,-9.102069
5.645834,150.6239,8.679506,-9.082099
5.654168,150.7931,8.675103,-9.062863
5.6625,150.9706,8.670548,-9.043278
5.670832,151.1436,8.666092,-9.024364
5.679168,151.3208,8.661595,-9.005406
5.6875,151.4921,8.657103,-8.986919
5.695832,151.6592,8.652641,-8.968828
5.704168,151.8371,8.648121,-8.950043
5.7125,152.0128,8.643692,-8.931566
5.720832,152.1864,8.639184,-8.912769
5.729166,152.3611,8.634776,-8.894501
5.7375,152.5366,8.630272,-8.876368
5.745834,152.7042,8.625863,-8.859038
5.754166,152.8805,8.621418,-8.841138
5.7625,153.0568,8.616944,-8.823309
5.770834,153.2304,8.612613,-8.805642
5.779168,153.4012,8.60807,-8.788659
5.7875,153.5797,8.603761,-8.770895
5.795832,153.7488,8.599249,-8.753976
5.804168,153.923,8.594871,-8.737168
5.8125,154.0946,8.590462,-8.720618
5.820832,154.2701,8.585975,-8.704232
5.829168,154.4414,8.581592,-8.688226
5.8375,154.6159,8.577081,-8.672387
5.845832,154.7913,8.572757,-8.656648
5.854166,154.9599,8.568189,-8.641478
5.8625,155.1369,8.563913,-8.625768
5.870834,155.3088,8.559418,-8.610914
5.879166,155.4824,8.555066,-8.595938
5.8875,155.6569,8.550694,-8.581398
5.895834,155.8302,8.546212,-8.567009
5.904168,155.9987,8.541955,-8.552519
5.9125,156.1702,8.53741,-8.538001
5.920832,156.3428,8.533121,-8.523652
5.929168,156.5199,8.528624,-8.50914
5.9375,156.6916,8.524316,-8.495241
5.945832,156.8626,8.519849,-8.481758
5.954168,157.0352,8.515486,-8.468092
5.9625,157.207,8.511109,-8.45465
5.970832,157.3783,8.506714,-8.441121
5.979166,157.5466,8.502468,-8.428142
5.9875,157.7211,8.498036,-8.415226
5.995834,157.8965,8.493826,-8.402587
6.004166,158.0713,8.489465,-8.389453
6.0125,158.2402,8.485195,-8.376618
6.020834,158.4165,8.4809,-8.363754
6.029168,158.5838,8.476626,-8.351689
6.0375,158.7536,8.472328,-8.339972
6.045832,158.9296,8.4681,-8.328004
6.054168,159.101,8.463803,-8.315871
6.0625,159.2708,8.459506,-8.303715
6.070832,159.4436,8.455299,-8.29171
6.079168,159.6144,8.451032,-8.279884
6.0875,159.7881,8.446824,-8.268392
6.095832,159.956,8.442555,-8.257494
6.104166,160.1285,8.438332,-8.246522
6.1125,160.3006,8.434103,-8.235343
6.120834,160.4718,8.42991,-8.22365
6.129166,160.6428,8.425598,-8.212582
6.1375,160.8099,8.421406,-8.202438
6.145834,160.9858,8.417184,-8.191864
6.154168,161.1593,8.412926,-8.181553
6.1625,161.3258,8.40872,-8.171699
6.170832,161.4999,8.404484,-8.161384
6.179168,161.6694,8.400294,-8.151391
6.1875,161.8386,8.396069,-8.141168
6.195832,162.0105,8.39189,-8.131131
6.204168,162.1804,8.387656,-8.121475
6.2125,162.352,8.383585,-8.111716
6.220832,162.5217,8.37939,-8.101686
6.229166,162.6956,8.375285,-8.091484
6.2375,162.8656,8.371149,-8.081522
6.245834,163.035,8.366988,-8.071564
6.254166,163.2024,8.362947,-8.06157
6.2625,163.3712,8.35886,-8.051736
6.270834,163.5416,8.354853,-8.042006
6.279168,163.7106,8.350762,-8.032172
6.2875,163.8852,8.346769,-8.022056
6.295832,164.0528,8.342704,-8.012046
6.304168,164.2215,8.338744,-8.002493
6.3125,164.3896,8.334726,-7.992938
6.320832,164.5592,8.330768,-7.98307
6.329168,164.7294,8.32686,-7.97316
6.3375,164.9009,8.322832,-7.963446
6.345832,165.0684,8.318965,-7.953855
6.354166,165.2331,8.314926,-7.944661
6.3625,165.4015,8.311066,-7.935139
6.370834,165.5758,8.307069,-7.925608
6.379166,165.7391,8.303176,-7.916312
6.3875,165.913,8.299244,-7.906349
6.395834,166.0842,8.295328,-7.896716
6.404166,166.2587,8.291418,-7.887147
6.4125,166.4251,8.287438,-7.87765
6.420832,166.5979,8.283561,-7.867938
6.429168,166.7608,8.279524,-7.85859
6.4375,166.9314,8.275711,-7.848481
6.445832,167.0981,8.271762,-7.838422
6.454168,167.2662,8.267989,-7.828186
6.4625,167.434,8.264051,-7.818032
6.470834,167.6006,8.260168,-7.80823
6.479166,167.7735,8.256311,-7.7978
6.4875,167.9425,8.252403,-7.787449
6.495834,168.1102,8.248674,-7.777561
6.504166,168.2771,8.244762,-7.767499
6.5125,168.4447,8.241094,-7.75714
6.520834,168.6081,8.237195,-7.746861
6.529166,168.7779,8.233446,-7.736661
6.5375,168.9441,8.229613,-7.726582
6.545832,169.114,8.225845,-7.716209
6.554168,169.2805,8.22216,-7.70579
6.5625,169.4514,8.21833,-7.69535
6.570832,169.6146,8.214751,-7.68521
6.579168,169.7828,8.210874,-7.674488
6.5875,169.9516,8.207306,-7.663843
6.595834,170.1204,8.203464,-7.652929
6.604166,170.2904,8.199866,-7.642255
6.6125,170.4544,8.19616,-7.631528
6.620834,170.6226,8.192462,-7.620506
6.629166,170.7954,8.188892,-7.609597
6.6375,170.9566,8.18515,-7.598872
6.645834,171.1253,8.181626,-7.588238
6.654166,171.2926,8.177812,-7.577613
6.6625,171.4587,8.174351,-7.567097
6.670832,171.6245,8.170594,-7.556371
6.679168,171.7959,8.167113,-7.545919
6.6875,171.9616,8.16343,-7.535299
6.695832,172.128,8.159844,-7.52477
6.704168,172.2951,8.156295,-7.514528
6.7125,172.4618,8.152587,-7.503901
6.720834,172.6364,8.149081,-7.49285
6.729166,172.8031,8.145401,-7.481934
6.7375,172.971,8.141968,-7.470778
6.745834,173.1381,8.138257,-7.459595
6.754166,173.3023,8.134782,-7.448692
6.7625,173.4706,8.131158,-7.437836
6.770834,173.6412,8.127674,-7.427106
6.779166,173.8078,8.124142,-7.416475
6.7875,173.9734,8.120556,-7.405725
6.795832,174.1465,8.117148,-7.39509
6.804168,174.3125,8.113534,-7.38461
6.8125,174.4801,8.110168,-7.374034
6.820832,174.6438,8.106516,-7.363491
6.829168,174.8099,8.10316,-7.353094
6.8375,174.978,8.099602,-7.342806
6.845834,175.1446,8.09618,-7.33227
6.854166,175.3098,8.09268,-7.321712
6.8625,175.4765,8.089189,-7.311075
6.870834,175.6465,8.08581,-7.300401
6.879166,175.8119,8.082266,-7.289788
6.8875,175.9761,8.07895,-7.279328
6.895834,176.1454,8.075403,-7.268766
6.904166,176.3124,8.072175,-7.258405
6.9125,176.4767,8.068686,-7.247816
6.920832,176.6445,8.065356,-7.236931
6.929168,176.8116,8.061981,-7.226238
6.9375,176.9774,8.058618,-7.215332
6.945832,177.1441,8.055345,-7.204368
6.954168,177.3158,8.051936,-7.193566
6.9625,177.4792,8.04872,-7.182753
6.970834,177.6486,8.045336,-7.171724
6.979166,177.8113,8.04211,-7.160722
6.9875,177.9827,8.03875,-7.149836
6.995834,178.1472,8.035525,-7.138866
7.004166,178.3138,8.032318,-7.127961
7.0125,178.4834,8.029022,-7.117016
7.020834,178.6509,8.025844,-7.106179
7.029166,178.8141,8.022582,-7.095532
7.0375,178.9842,8.019464,-7.084502
7.045832,179.1533,8.016228,-7.073596
7.054168,179.32,8.013044,-7.06296
7.0625,179.4889,8.009856,-7.052337
7.070832,179.6535,8.006705,-7.041064
7.079168,179.8231,8.003539,-7.02989
7.0875,179.9891,8.000368,-7.018925
7.095834,180.1566,7.997292,-7.007494
7.104166,180.325,7.99417,-6.995997
7.1125,180.4871,7.99111,-6.984556
7.120834,180.6558,7.988038,-6.973128
7.129166,180.822,7.984958,-6.961647
7.1375,180.9933,7.981968,-6.949995
7.145834,181.158,7.97893,-6.938184
7.154166,181.3258,7.975945,-6.926605
7.1625,181.4928,7.972956,-6.915093
7.170832,181.659,7.969954,-6.90329
7.179168,181.8266,7.966928,-6.891688
7.1875,181.9963,7.96399,-6.8801
7.195832,182.1639,7.961016,-6.868574
7.204168,182.3305,7.958003,-6.856949
7.2125,182.4979,7.955152,-6.8452
7.220834,182.6664,7.952184,-6.83316
7.229166,182.8343,7.949346,-6.82091
7.2375,182.9995,7.946442,-6.80875
7.245834,183.1704,7.9436,-6.796594
7.254166,183.3371,7.940782,-6.784556
7.2625,183.5043,7.937969,-6.772566
7.270834,183.673,7.93515,-6.760586
7.279166,183.8417,7.932319,-6.748196
7.2875,184.0103,7.92964,-6.735852
7.295832,184.1777,7.92675,-6.723366
7.304168,184.3447,7.924094,-6.711036
7.3125,184.5076,7.92129,-6.69899
7.320832,184.6766,7.918542,-6.686992
7.329168,184.8453,7.915831,-6.674634
7.3375,185.0144,7.913095,-6.662056
7.345834,185.1854,7.910489,-6.649362
7.354166,185.3528,7.907755,-6.636562
7.3625,185.5151,7.905206,-6.623925
7.370834,185.6882,7.902451,-6.611124
7.379166,185.8533,7.899931,-6.598574
7.3875,186.0194,7.897222,-6.585656
7.395834,186.1864,7.894648,-6.572705
7.404166,186.3566,7.892103,-6.559741
7.4125,186.5292,7.889468,-6.54699
7.420832,186.6961,7.887005,-6.534247
7.429168,186.8638,7.884351,-6.521582
7.4375,187.0291,7.881944,-6.508922
7.445832,187.199,7.879336,-6.496135
7.454168,187.3655,7.876919,-6.483137
7.4625,187.5343,7.874418,-6.469902
7.470834,187.7059,7.871956,-6.45723
7.479166,187.8717,7.86954,-6.444439
7.4875,188.0433,7.867005,-6.431585
7.495834,188.2102,7.8647,-6.41845
7.504166,188.3777,7.862168,-6.405325
7.5125,188.5486,7.859876,-6.392124
7.520834,188.7168,7.857384,-6.379108
7.529166,188.883,7.855063,-6.365976
7.5375,189.0516,7.852684,-6.352848
7.545832,189.2202,7.850335,-6.339936
7.554168,189.3891,7.848072,-6.32671
7.5625,189.5563,7.845682,-6.313472
7.570832,189.7246,7.843536,-6.300089
7.579168,189.8936,7.841129,-6.286818
7.5875,190.0636,7.839,-6.273459
7.595834,190.2321,7.836628,-6.260055
7.604166,190.404,7.834454,-6.24657
7.6125,190.5758,7.832206,-6.233172
7.620834,190.7412,7.829985,-6.220048
7.629166,190.9134,7.827789,-6.207043
7.6375,191.0833,7.825546,-6.193958
7.645834,191.2519,7.823452,-6.180855
7.654166,191.4222,7.821196,-6.16791
7.6625,191.5892,7.819219,-6.155076
7.670832,191.7567,7.81698,-6.142216
7.679168,191.9282,7.81502,-6.129152
7.6875,192.0976,7.81287,-6.116051
7.695832,192.268,7.810839,-6.103186
7.704168,192.4374,7.80884,-6.090205
7.7125,192.6049,7.806784,-6.07693
7.720834,192.7731,7.804824,-6.063494
7.729166,192.9391,7.802741,-6.050242
7.7375,193.1125,7.800784,-6.037135
7.745834,193.2791,7.798666,-6.02386
7.754166,193.4492,7.796728,-6.010424
7.7625,193.6208,7.794665,-5.997168
7.770834,193.7892,7.792716,-5.98393
7.779166,193.9608,7.790712,-5.970445
7.7875,194.1338,7.788716,-5.957057
7.795832,194.3027,7.786835,-5.94397
7.804168,194.4691,7.78489,-5.931041
7.8125,194.6421,7.783068,-5.918109
7.820832,194.8162,7.78118,-5.904843
7.829168,194.9832,7.779337,-5.891434
7.8375,195.1498,7.777486,-5.878443
7.845834,195.318,7.775656,-5.865507
7.854166,195.4895,7.773876,-5.852398
7.8625,195.6634,7.772109,-5.839702
7.870834,195.8306,7.770328,-5.826594
7.879166,195.9998,7.768545,-5.813311
7.8875,196.1699,7.766786,-5.800396
7.895834,196.344,7.764981,-5.787139
7.904166,196.5099,7.763243,-5.77393
7.9125,196.6828,7.761514,-5.761235
7.920832,196.8501,7.75977,-5.748224
7.929168,197.019,7.75809,-5.735324
7.9375,197.1888,7.756389,-5.72242
7.945832,197.3639,7.75468,-5.709234
7.954168,197.5331,7.753,-5.696356
7.9625,197.7054,7.751288,-5.683388
7.970834,197.8738,7.749634,-5.670132
7.979166,198.0443,7.748043,-5.657431
7.9875,198.2165,7.746386,-5.644663
7.995834,198.3861,7.744775,-5.631544
8.004166,198.5561,7.743165,-5.618744
8.0125,198.7262,7.741524,-5.605854
8.020832,198.8985,7.73994,-5.592951
8.029166,199.0696,7.73838,-5.580365
8.0375,199.2398,7.736858,-5.567629
8.045834,199.4109,7.73533,-5.554957
8.054168,199.5803,7.73378,-5.542263
8.0625,199.7564,7.732216,-5.529631
8.070832,199.9241,7.730695,-5.516949
8.079166,200.0982,7.729211,-5.504375
8.0875,200.2673,7.727722,-5.491882
8.095834,200.4426,7.72627,-5.47949
8.104168,200.612,7.72478,-5.467481
8.1125,200.7852,7.723268,-5.455258
8.120834,200.9549,7.721811,-5.442828
8.129166,201.125,7.720304,-5.430689
8.1375,201.299,7.718872,-5.418744
8.145832,201.4706,7.717413,-5.406627
8.154166,201.6408,7.715974,-5.39479
8.1625,201.8075,7.714529,-5.382654
8.170834,201.9847,7.71309,-5.37078
8.179168,202.15,7.711728,-5.358926
8.1875,202.3246,7.710295,-5.346942
8.195832,202.4951,7.708997,-5.335064
8.204166,202.6642,7.707539,-5.323325
8.2125,202.8344,7.70626,-5.31174
8.220834,203.0058,7.70489,-5.300106
8.229168,203.1785,7.703574,-5.288309
8.2375,203.3496,7.702343,-5.27663
8.245834,203.525,7.701006,-5.265442
8.254166,203.6971,7.699816,-5.254132
8.2625,203.8698,7.698462,-5.242724
8.270832,204.044,7.697306,-5.2315
8.279166,204.2178,7.695978,-5.220307
8.2875,204.3891,7.694815,-5.2091
8.295834,204.5597,7.693545,-5.197965
8.304168,204.7291,7.692292,-5.187088
8.3125,204.9007,7.691124,-5.17647
8.320832,205.0714,7.689792,-5.165706
8.329166,205.2451,7.68866,-5.155059
8.3375,205.4165,7.687362,-5.144129
8.345834,205.587,7.686225,-5.133211
8.354168,205.7539,7.68498,-5.122295
8.3625,205.9276,7.683842,-5.11165
8.370834,206.1044,7.682626,-5.101238
8.379166,206.276,7.681479,-5.090646
8.3875,206.4487,7.680382,-5.080006
8.395832,206.621,7.67916,-5.069326
8.404166,206.7918,7.678128,-5.058579
8.4125,206.9673,7.67692,-5.047961
8.420834,207.1373,7.67585,-5.037254
8.429168,207.3094,7.67464,-5.027147
8.4375,207.4802,7.673522,-5.017106
8.445832,207.6506,7.672376,-5.00682
8.454166,207.8242,7.671262,-4.996606
8.4625,208.002,7.670171,-4.986798
8.470834,208.1736,7.66903,-4.976837
8.479168,208.3484,7.667994,-4.967168
8.4875,208.5195,7.66675,-4.957376
8.495834,208.6935,7.6657,-4.947678
8.504166,208.8653,7.664534,-4.938306
8.5125,209.0403,7.663504,-4.928588
8.520832,209.2106,7.662363,-4.918992
8.529166,209.3798,7.66128,-4.909596
8.5375,209.5573,7.660172,-4.900537
8.545834,209.728,7.659055,-4.890721
8.554168,209.9003,7.658015,-4.88106
8.5625,210.072,7.65685,-4.871634
8.570832,210.2438,7.655932,-4.86238
8.579166,210.4147,7.654784,-4.853274
8.5875,210.587,7.653834,-4.844052
8.595834,210.759,7.652755,-4.834806
8.604168,210.9326,7.65178,-4.82599
8.6125,211.1027,7.650757,-4.81706
8.620834,211.2774,7.649775,-4.807854
8.629166,211.45,7.648786,-4.799268
8.6375,211.6256,7.647747,-4.790939
8.645832,211.7964,7.646866,-4.782182
8.654166,211.9699,7.645778,-4.773694
8.6625,212.1468,7.644925,-4.765244
8.670834,212.3172,7.64382,-4.756431
8.679168,212.49,7.6429,-4.747954
8.6875,212.6652,7.641874,-4.73938
8.695832,212.8383,7.640876,-4.730808
8.704166,213.0082,7.639944,-4.722726
8.7125,213.182,7.6389,-4.714535
8.720834,213.3515,7.637972,-4.70601
8.729168,213.5264,7.636897,-4.697831
8.7375,213.695,7.635981,-4.68938
8.745834,213.8698,7.634916,-4.681286
8.754166,214.0449,7.634052,-4.673539
8.7625,214.2156,7.633064,-4.665665
8.770832,214.3872,7.632069,-4.657516
8.779166,214.562,7.631178,-4.649665
8.7875,214.7315,7.630122,-4.641773
8.795834,214.9068,7.629263,-4.634082
8.804168,215.0774,7.628279,-4.626528
8.8125,215.2496,7.627369,-4.61877
8.820832,215.4266,7.626394,-4.6113
8.829166,215.602,7.625518,-4.603808
8.8375,215.7727,7.624524,-4.596231
8.845834,215.9432,7.623601,-4.588879
8.854168,216.1182,7.622735,-4.581611
8.8625,216.2893,7.621748,-4.57425
8.870834,216.459,7.620938,-4.56686
8.879166,216.6336,7.61995,-4.559766
8.8875,216.8056,7.619052,-4.552759
8.895832,216.9758,7.618151,-4.545893
8.904166,217.151,7.617275,-4.538962
8.9125,217.3199,7.616349,-4.531734
8.920834,217.4978,7.615489,-4.524861
8.929168,217.6706,7.614614,-4.517894
8.9375,217.8482,7.613736,-4.51102
8.945832,218.023,7.612893,-4.504188
8.954166,218.1974,7.611963,-4.497633
8.9625,218.366,7.611114,-4.490445
8.970834,218.5384,7.610214,-4.483416
8.979168,218.7111,7.609297,-4.476876
8.9875,218.8834,7.608382,-4.47047
8.995834,219.057,7.607488,-4.464141
9.004166,219.2306,7.606564,-4.457907
9.0125,219.4018,7.605612,-4.451512
9.020832,219.5763,7.604701,-4.445256
9.029166,219.7488,7.603798,-4.438982
9.0375,219.922,7.602901,-4.432331
9.045834,220.0927,7.602011,-4.426025
9.054168,220.2658,7.601142,-4.419758
9.0625,220.4424,7.600276,-4.41337
9.070832,220.6152,7.59946,-4.406836
9.079166,220.7838,7.598582,-4.400348
9.0875,220.9592,7.597751,-4.393958
9.095834,221.1308,7.59689,-4.387537
9.104168,221.3021,7.59604,-4.381291
9.1125,221.4765,7.595134,-4.375395
9.120834,221.6474,7.594274,-4.369258
9.129166,221.8254,7.593374,-4.363022
9.1375,221.9949,7.5925,-4.356783
9.145832,222.1642,7.591626,-4.35047
9.154166,222.3388,7.590718,-4.34479
9.1625,222.5094,7.58985,-4.338814
9.170834,222.6814,7.58897,-4.332742
9.179168,222.8568,7.588134,-4.326772
9.1875,223.0309,7.587234,-4.321134
9.195832,223.2014,7.586445,-4.315318
9.204166,223.376,7.585534,-4.309858
9.2125,223.55,7.584759,-4.304556
9.220834,223.7232,7.583897,-4.298969
9.229168,223.8955,7.583099,-4.293369
9.2375,224.0661,7.582255,-4.287701
9.245834,224.2408,7.581378,-4.282266
9.254166,224.4142,7.580542,-4.277168
9.2625,224.5859,7.579682,-4.272106
9.270832,224.7556,7.5789,-4.266588
9.279166,224.9308,7.577962,-4.261056
9.2875,225.1077,7.577212,-4.255426
9.295834,225.2804,7.576282,-4.249996
9.304168,225.4504,7.575452,-4.244566
9.3125,225.6237,7.574568,-4.23933
9.320832,225.7925,7.573664,-4.233617
9.329166,225.9658,7.572856,-4.228145
9.3375,226.1359,7.571912,-4.222641
9.345834,226.3075,7.571045,-4.217398
9.354168,226.4795,7.570092,-4.212265
9.3625,226.6516,7.569303,-4.207125
9.370834,226.8203,7.568322,-4.202215
9.379166,226.9983,7.5675,-4.197578
9.3875,227.1748,7.566624,-4.19274
9.395832,227.344,7.565705,-4.187914
9.404166,227.5128,7.564906,-4.18315
9.4125,227.687,7.56395,-4.178628
9.420834,227.8574,7.563168,-4.174032
9.429168,228.03,7.562263,-4.169412
9.4375,228.202,7.561453,-4.164784
9.445832,228.3756,7.560538,-4.16017
9.454166,228.5497,7.559722,-4.15545
9.4625,228.718,7.55885,-4.150715
9.470834,228.8944,7.55795,-4.146296
9.479168,229.0672,7.557128,-4.14158
9.4875,229.2358,7.556131,-4.137027
9.495834,229.409,7.555368,-4.132473
9.504166,229.5808,7.554419,-4.128038
9.5125,229.7518,7.553575,-4.123642
9.520832,229.9256,7.552664,-4.119352
9.529166,230.0948,7.55177,-4.115036
9.5375,230.2667,7.550897,-4.11064
9.545834,230.4346,7.549964,-4.106317
9.554168,230.6098,7.549079,-4.10227
9.5625,230.7801,7.548108,-4.098166
9.570832,230.954,7.54727,-4.094317
9.579166,231.13,7.546251,-4.090538
9.5875,231.3002,7.545395,-4.086335
9.595834,231.474,7.544489,-4.082213
9.604168,231.6439,7.543522,-4.078
9.6125,231.819,7.542597,-4.07405
9.620834,231.991,7.541612,-4.070719
9.629166,232.1597,7.540656,-4.066804
9.6375,232.3289,7.53966,-4.062991
9.645832,232.503,7.538755,-4.059418
9.654166,232.6782,7.537818,-4.055764
9.6625,232.8511,7.536944,-4.052047
9.670834,233.0208,7.535996,-4.048404
9.679168,233.192,7.535002,-4.044596
9.6875,233.363,7.534091,-4.04105
9.695832,233.5352,7.533099,-4.03752
9.704166,233.7052,7.532148,-4.033721
9.7125,233.8816,7.531212,-4.030336
9.720834,234.0496,7.530321,-4.026782
9.729168,234.221,7.529446,-4.023338
9.7375,234.3908,7.528472,-4.01968
9.745834,234.567,7.527556,-4.016153
9.754166,234.7383,7.526526,-4.012836
9.7625,234.9068,7.52554,-4.009967
9.770832,235.0823,7.524602,-4.007069
9.779166,235.2581,7.523614,-4.004316
9.7875,235.4263,7.522702,-4.001448
9.795834,235.5964,7.521661,-3.99885
9.804168,235.766,7.520619,-3.996213
9.8125,235.9414,7.519542,-3.993775
9.820832,236.1109,7.518548,-3.991621
9.829166,236.285,7.51748,-3.989822
9.8375,236.4514,7.516441,-3.987802
9.845834,236.6256,7.515484,-3.985744
9.854168,236.7962,7.514346,-3.983619
9.8625,236.9691,7.513403,-3.98127
9.870834,237.1366,7.512222,-3.979175
9.879166,237.3101,7.511242,-3.977146
9.8875,237.4792,7.51016,-3.975034
9.895832,237.653,7.509052,-3.973582
9.904166,237.8238,7.507975,-3.971612
9.9125,237.9974,7.506803,-3.969522
9.920834,238.1665,7.50581,-3.967622
9.929168,238.3358,7.504551,-3.965747
9.9375,238.5064,7.503581,-3.964087
9.945832,238.6811,7.5023,-3.962918
9.954166,238.8504,7.501249,-3.961249
9.9625,239.0258,7.500046,-3.959614
9.970834,239.1943,7.498858,-3.958422
9.979168,239.3623,7.497739,-3.956856
9.9875,239.5348,7.49647,-3.955605
9.995834,239.7047,7.49542,-3.95466
10.00417,239.8786,7.494086,-3.953452
10.0125,240.0477,7.4931,-3.95206
10.02083,240.2184,7.49171,-3.951045
10.02917,240.3917,7.490638,-3.950264
10.0375,240.5618,7.489394,-3.94924
10.04583,240.7298,7.488156,-3.948054
10.05417,240.9014,7.487086,-3.94708
10.0625,241.0708,7.485768,-3.94626
10.07083,241.2392,7.48471,-3.945613
10.07917,241.4134,7.483344,-3.945176
10.0875,241.5819,7.482264,-3.944559
10.09583,241.755,7.480848,-3.944147
10.10417,241.9285,7.479753,-3.94362
10.1125,242.0968,7.478442,-3.942906
10.12083,242.2675,7.47719,-3.943
10.12917,242.438,7.476068,-3.943124
10.1375,242.6097,7.474585,-3.943072
10.14583,242.7839,7.473514,-3.942758
10.15417,242.9519,7.472,-3.942722
10.1625,243.1236,7.47082,-3.942547
10.17083,243.2962,7.469347,-3.942494
10.17917,243.4623,7.468106,-3.942241
10.1875,243.6347,7.46674,-3.942226
10.19583,243.8031,7.465364,-3.941928
10.20417,243.9701,7.46413,-3.941761
10.2125,244.1414,7.462618,-3.941741
10.22083,244.3092,7.461549,-3.94155
10.22917,244.4792,7.459946,-3.941846
10.2375,244.649,7.458744,-3.941676
10.24583,244.8219,7.457268,-3.941715
10.25417,244.9935,7.455972,-3.942163
10.2625,245.163,7.454634,-3.942666
10.27083,245.3319,7.453218,-3.942837
10.27917,245.5048,7.451926,-3.943564
10.2875,245.6696,7.450371,-3.943732
10.29583,245.8461,7.449079,-3.944236
10.30417,246.0134,7.447437,-3.944774
10.3125,246.1805,7.446204,-3.945244
10.32083,246.3522,7.444699,-3.945915
10.32917,246.5218,7.443347,-3.946474
10.3375,246.6944,7.441894,-3.947017
10.34583,246.866,7.440301,-3.947625
10.35417,247.0367,7.438835,-3.948235
10.3625,247.2089,7.437214,-3.948772
10.37083,247.3725,7.435806,-3.949516
10.37917,247.5483,7.434155,-3.950381
10.3875,247.7154,7.432679,-3.950933
10.39583,247.8817,7.43099,-3.951182
10.40417,248.057,7.429474,-3.9517
10.4125,248.227,7.427824,-3.952128
10.42083,248.3905,7.426184,-3.952391
10.42917,248.5644,7.424655,-3.953184
10.4375,248.7297,7.422944,-3.954078
10.44583,248.9023,7.421394,-3.954712
10.45417,249.069,7.419618,-3.954846
10.4625,249.2429,7.41805,-3.955274
10.47083,249.4112,7.416343,-3.955586
10.47917,249.5805,7.41467,-3.956167
10.4875,249.749,7.412954,-3.956782
10.49584,249.9199,7.411205,-3.957554
10.50416,250.0914,7.409534,-3.958522
10.5125,250.2623,7.407738,-3.959293
10.52083,250.4233,7.406082,-3.959595
10.52916,250.5985,7.404253,-3.960419
10.5375,250.766,7.402554,-3.961164
10.54584,250.9387,7.400741,-3.962025
10.55417,251.1067,7.398947,-3.962475
10.5625,251.2774,7.39725,-3.96311
10.57083,251.4451,7.39539,-3.963845
10.57916,251.6176,7.393657,-3.964712
10.5875,251.7866,7.391832,-3.96502
10.59584,251.9605,7.389966,-3.96541
10.60417,252.1293,7.38816,-3.96595
10.6125,252.3008,7.386359,-3.966554
10.62084,252.4686,7.38457,-3.967028
10.62916,252.6364,7.38275,-3.967456
10.6375,252.8007,7.380969,-3.96843
10.64583,252.9723,7.37903,-3.968892
10.65416,253.1363,7.377208,-3.969014
10.6625,253.3112,7.375366,-3.969066
10.67084,253.478,7.373444,-3.968969
10.67917,253.649,7.37171,-3.968946
10.6875,253.8151,7.369718,-3.968783
10.69583,253.9896,7.367872,-3.96865
10.70416,254.1595,7.365924,-3.968794
10.7125,254.3284,7.364001,-3.968576
10.72084,254.4996,7.362116,-3.968316
10.72917,254.6725,7.36015,-3.968495
10.7375,254.8377,7.358299,-3.968567
10.74584,255.0078,7.356225,-3.96875
10.75416,255.173,7.354382,-3.96903
10.7625,255.3436,7.35235,-3.969278
10.77083,255.5136,7.350568,-3.969273
10.77916,255.6823,7.348603,-3.969438
10.7875,255.8508,7.346656,-3.969356
10.79584,256.0172,7.344738,-3.969199
10.80417,256.1878,7.34262,-3.96882
10.8125,256.3553,7.340752,-3.967783
10.82083,256.5263,7.3386,-3.966498
10.82916,256.6974,7.336692,-3.96562
10.8375,256.8676,7.334512,-3.964478
10.84584,257.0384,7.332476,-3.963584
10.85417,257.2076,7.330278,-3.962553
10.8625,257.3762,7.328106,-3.961194
10.87084,257.5446,7.32597,-3.95985
10.87916,257.7112,7.32367,-3.958604
10.8875,257.8818,7.3216,-3.957278
10.89583,258.0593,7.319234,-3.956183
10.90416,258.226,7.317124,-3.955119
10.9125,258.3894,7.3148,-3.953909
10.92084,258.563,7.31266,-3.952855
10.92917,258.7337,7.310411,-3.951042
10.9375,258.9004,7.308156,-3.949534
10.94583,259.0668,7.305976,-3.94815
10.95416,259.2369,7.303611,-3.94651
10.9625,259.4088,7.301446,-3.944598
10.97084,259.575,7.299062,-3.942916
10.97917,259.747,7.296872,-3.941208
10.9875,259.9138,7.294488,-3.939344
10.99584,260.0877,7.292212,-3.937404
11.00416,260.258,7.289861,-3.935525
11.0125,260.4213,7.287462,-3.933853
11.02083,260.5924,7.285139,-3.932173
11.02916,260.759,7.282659,-3.929956
11.0375,260.9303,7.280366,-3.927894
11.04584,261.0978,7.277915,-3.926032
11.05417,261.2675,7.275556,-3.923768
11.0625,261.4368,7.273172,-3.921663
11.07083,261.6071,7.270762,-3.919309
11.07916,261.7823,7.268381,-3.916948
11.0875,261.9473,7.265944,-3.91407
11.09584,262.1174,7.263569,-3.911251
11.10417,262.2823,7.261109,-3.90811
11.1125,262.4578,7.25875,-3.905313
11.12084,262.6216,7.256352,-3.902228
11.12916,262.7915,7.253985,-3.899006
11.1375,262.9596,7.251602,-3.895691
11.14583,263.1322,7.249179,-3.892249
11.15416,263.3022,7.246838,-3.889016
11.1625,263.4722,7.244428,-3.885598
11.17084,263.6397,7.241988,-3.882383
11.17917,263.8075,7.239587,-3.87885
11.1875,263.9789,7.237155,-3.875333
11.19583,264.1478,7.234707,-3.8718
11.20416,264.3147,7.232226,-3.868558
11.2125,264.4864,7.229775,-3.865484
11.22084,264.6544,7.227299,-3.862384
11.22917,264.8283,7.224756,-3.859416
11.2375,264.9936,7.222229,-3.855975
11.24584,265.1641,7.21963,-3.852439
11.25416,265.333,7.217138,-3.84869
11.2625,265.5036,7.214551,-3.844732
11.27083,265.6726,7.211993,-3.841109
11.27916,265.8422,7.20938,-3.837212
11.2875,266.011,7.20671,-3.832659
11.29584,266.179,7.204039,-3.82778
11.30417,266.3491,7.201284,-3.823213
11.3125,266.5194,7.198528,-3.818727
11.32083,266.6839,7.195624,-3.814
11.32916,266.8531,7.192715,-3.80936
11.3375,267.0209,7.189722,-3.804794
11.34584,267.1946,7.18668,-3.800876
11.35417,267.3592,7.183552,-3.796472
11.3625,267.5293,7.180358,-3.791725
11.37084,267.6958,7.17721,-3.787113
11.37916,267.8694,7.173938,-3.783142
11.3875,268.039,7.17071,-3.778761
11.39583,268.2024,7.167486,-3.773807
11.40416,268.372,7.164362,-3.769023
11.4125,268.5474,7.161216,-3.764356
11.42084,268.7164,7.158009,-3.759717
11.42917,268.8844,7.15488,-3.754689
11.4375,269.0516,7.151736,-3.749533
11.44583,269.2219,7.148589,-3.744545
11.45416,269.3922,7.1453,-3.739838
11.4625,269.5591,7.14194,-3.734946
11.47084,269.7288,7.138584,-3.73005
11.47917,269.8942,7.135138,-3.725436
11.4875,270.0613,7.131635,-3.721124
11.49584,270.2324,7.128162,-3.716714
11.50416,270.3992,7.124639,-3.711997
11.5125,270.5713,7.121122,-3.707641
11.52083,270.7422,7.117541,-3.702937
11.52916,270.9094,7.114118,-3.698486
11.5375,271.0806,7.110662,-3.6939
11.54584,271.2507,7.107349,-3.689331
11.55417,271.4182,7.103989,-3.684514
11.5625,271.5886,7.100597,-3.679946
11.57083,271.753,7.09707,-3.67528
11.57916,271.9259,7.093171,-3.670373
11.5875,272.0922,7.089246,-3.665804
11.59584,272.2619,7.085002,-3.661226
11.60417,272.433,7.080774,-3.657158
11.6125,272.6025,7.076348,-3.653053
11.62084,272.7715,7.071929,-3.648938
11.62916,272.9422,7.067444,-3.64499
11.6375,273.112,7.062844,-3.641135
11.64583,273.2772,7.0584,-3.637356
11.65416,273.447,7.053915,-3.6337
11.6625,273.6182,7.049872,-3.630416
11.67084,273.7829,7.045766,-3.62665
11.67917,273.9563,7.041895,-3.6227
11.6875,274.124,7.038046,-3.618704
11.69583,274.2952,7.034231,-3.615161
11.70416,274.4626,7.030484,-3.61167
11.7125,274.6358,7.026622,-3.608074
11.72084,274.8012,7.022946,-3.604264
11.72917,274.9677,7.018995,-3.600381
11.7375,275.1399,7.015274,-3.596576
11.74584,275.3117,7.011306,-3.59303
11.75416,275.4778,7.00748,-3.589497
11.7625,275.6387,7.003638,-3.58589
11.77083,275.8164,6.999756,-3.58248
11.77916,275.985,6.995936,-3.578341
11.7875,276.155,6.99197,-3.574212
11.79584,276.325,6.98817,-3.570112
11.80417,276.4928,6.98417,-3.56613
11.8125,276.6621,6.980362,-3.562318
11.82083,276.832,6.976411,-3.558546
11.82916,277.0039,6.972491,-3.554793
11.8375,277.1686,6.968413,-3.5514
11.84584,277.3401,6.964013,-3.548506
11.85417,277.5065,6.959619,-3.545787
11.8625,277.6786,6.954911,-3.543331
11.87084,277.8456,6.950375,-3.541075
11.87916,278.0163,6.94567,-3.538461
11.8875,278.1878,6.941016,-3.535896
11.89583,278.3537,6.93638,-3.533208
11.90416,278.5294,6.931668,-3.53051
11.9125,278.6944,6.927099,-3.527822
11.92084,278.8655,6.922551,-3.52518
11.92917,279.0338,6.918218,-3.522193
11.9375,279.2024,6.913766,-3.51907
11.94583,279.3718,6.909476,-3.51646
11.95416,279.5398,6.905079,-3.514341
11.9625,279.7109,6.90066,-3.51299
11.97084,279.8794,6.896292,-3.512133
11.97917,280.0483,6.891768,-3.511686
11.9875,280.2182,6.88734,-3.511317
11.99584,280.3809,6.88285,-3.510901
12.00416,280.5427,6.878311,-3.511211
12.0125,280.7141,6.8739,-3.512424
12.02083,280.8868,6.869438,-3.513972
12.02916,281.0525,6.86505,-3.516025
12.0375,281.2236,6.860553,-3.518472
12.04584,281.3912,6.856109,-3.521162
12.05417,281.5576,6.851532,-3.52442
12.0625,281.7308,6.846934,-3.528208
12.07083,281.8952,6.842247,-3.533205
12.07916,282.0633,6.837171,-3.540097
12.0875,282.2316,6.831991,-3.54777
12.09584,282.3986,6.826279,-3.55617
12.10417,282.5674,6.820642,-3.56556
12.1125,282.7383,6.814765,-3.575586
12.12084,282.9075,6.808837,-3.585564
12.12916,283.0713,6.802875,-3.596417
12.1375,283.2392,6.796751,-3.607855
12.14583,283.4066,6.790688,-3.619583
12.15416,283.578,6.784458,-3.631096
12.1625,283.7444,6.778574,-3.641528
12.17084,283.9138,6.772632,-3.650983
12.17917,284.0822,6.76716,-3.660188
12.1875,284.2492,6.761593,-3.669337
12.19583,284.4213,6.7561,-3.678314
12.20416,284.5874,6.750722,-3.687778
12.2125,284.7588,6.745114,-3.696618
12.22084,284.9244,6.73981,-3.705164
12.22917,285.091,6.734229,-3.713726
12.2375,285.263,6.72895,-3.722475
12.24584,285.4376,6.723422,-3.73141
12.25416,285.6036,6.71802,-3.740806
12.2625,285.7737,6.712428,-3.75023
12.27083,285.9428,6.706804,-3.760069
12.27916,286.1094,6.701298,-3.770176
12.2875,286.2784,6.69562,-3.7796
12.29584,286.4474,6.690225,-3.789529
12.30417,286.6124,6.684556,-3.79966
12.3125,286.7837,6.679201,-3.810113
12.32083,286.9502,6.673687,-3.82092
12.32916,287.119,6.66832,-3.831867
12.3375,287.2877,6.663075,-3.843017
12.34584,287.4582,6.657822,-3.85497
12.35417,287.6249,6.652786,-3.867147
12.3625,287.7925,6.647538,-3.879454
12.37084,287.9606,6.64248,-3.892462
12.37916,288.1232,6.6372,-3.905988
12.3875,288.2922,6.63183,-3.920923
12.39583,288.4592,6.625769,-3.936914
12.40416,288.6286,6.618872,-3.95452
12.4125,288.7961,6.61145,-3.973363
12.42084,288.9596,6.603269,-3.993076
12.42917,289.1321,6.594778,-4.01309
12.4375,289.2992,6.585724,-4.033172
12.44583,289.4675,6.576454,-4.053632
12.45416,289.6341,6.566801,-4.074238
12.4625,289.8008,6.556949,-4.094778
12.47084,289.9662,6.547026,-4.114572
12.47917,290.1388,6.537355,-4.133354
12.4875,290.3052,6.52837,-4.150485
12.49584,290.4695,6.519528,-4.166609
12.50416,290.6387,6.511168,-4.182041
12.5125,290.8055,6.502861,-4.197351
12.52083,290.9705,6.494629,-4.212569
12.52916,291.139,6.486629,-4.22768
12.5375,291.308,6.478592,-4.242859
12.54584,291.4751,6.470794,-4.257698
12.55417,291.6412,6.462965,-4.272441
12.5625,291.8129,6.455348,-4.287306
12.57083,291.981,6.447638,-4.302325
12.57916,292.148,6.440144,-4.317331
12.5875,292.3132,6.432654,-4.332978
12.59584,292.4855,6.425168,-4.34816
12.60417,292.6511,6.418016,-4.363141
12.6125,292.8224,6.410635,-4.378438
12.62084,292.9862,6.403645,-4.393524
12.62916,293.1608,6.39653,-4.408734
12.6375,293.3264,6.38965,-4.423615
12.64583,293.492,6.382807,-4.438116
12.65416,293.6584,6.376031,-4.452896
12.6625,293.8294,6.369344,-4.467687
12.67084,293.9964,6.362361,-4.48118
12.67917,294.1674,6.355295,-4.49487
12.6875,294.3332,6.347612,-4.508404
12.69583,294.5021,6.340168,-4.521225
12.70416,294.6695,6.332322,-4.53351
12.7125,294.84,6.324572,-4.545516
12.72084,295.0029,6.316796,-4.557154
12.72917,295.1742,6.308861,-4.568916
12.7375,295.3407,6.301148,-4.580208
12.74584,295.5086,6.293169,-4.591166
12.75416,295.6787,6.285799,-4.60276
12.7625,295.8445,6.27859,-4.61425
12.77083,296.0151,6.272047,-4.62612
12.77916,296.1799,6.265428,-4.637891
12.7875,296.3465,6.25905,-4.650311
12.79584,296.5178,6.2527,-4.663142
12.80417,296.6835,6.246186,-4.676545
12.8125,296.8559,6.23992,-4.690403
12.82083,297.0234,6.23328,-4.704208
12.82916,297.191,6.226966,-4.718135
12.8375,297.3574,6.220224,-4.732364
12.84584,297.5246,6.21367,-4.746904
12.85417,297.69,6.206856,-4.76075
12.8625,297.8586,6.20002,-4.775124
12.87083,298.0256,6.193142,-4.78915
12.87917,298.193,6.186049,-4.80321
12.8875,298.3594,6.17921,-4.81708
12.89583,298.5298,6.171878,-4.830774
12.90416,298.6955,6.164086,-4.844678
12.9125,298.8644,6.1547,-4.85907
12.92084,299.0308,6.144612,-4.873614
12.92917,299.2044,6.13368,-4.88769
12.9375,299.369,6.12218,-4.900858
12.94583,299.5385,6.110304,-4.912468
12.95416,299.7088,6.097747,-4.922708
12.9625,299.8805,6.085137,-4.931122
12.97084,300.0504,6.071949,-4.937722
12.97917,300.2182,6.059076,-4.942809
12.9875,300.3868,6.046576,-4.945728
12.99583,300.562,6.035538,-4.945932
13.00417,300.7276,6.025377,-4.943806
13.0125,300.9008,6.015862,-4.939866
13.02083,301.0641,6.007238,-4.934868
13.02916,301.2402,5.998967,-4.929648
13.0375,301.409,5.991619,-4.923848
13.04584,301.5782,5.984418,-4.917538
13.05417,301.7442,5.977783,-4.910568
13.0625,301.9144,5.971247,-4.902892
13.07083,302.0816,5.965015,-4.895034
13.07916,302.252,5.958922,-4.887467
13.0875,302.4214,5.952902,-4.879617
13.09584,302.5933,5.947169,-4.871738
13.10417,302.758,5.94133,-4.863544
13.1125,302.9313,5.93573,-4.854488
13.12083,303.1018,5.92998,-4.845012
13.12917,303.272,5.92446,-4.83543
13.1375,303.4389,5.918958,-4.82543
13.14583,303.612,5.91352,-4.815394
13.15416,303.7792,5.908286,-4.804516
13.1625,303.9564,5.903103,-4.79344
13.17084,304.1218,5.89806,-4.782029
13.17917,304.295,5.893026,-4.770468
13.1875,304.4613,5.88807,-4.75868
13.19583,304.6335,5.883156,-4.747027
13.20416,304.8007,5.878324,-4.735496
13.2125,304.9765,5.873552,-4.72409
13.22084,305.1444,5.868735,-4.71304
13.22917,305.3117,5.86403,-4.70245
13.2375,305.4814,5.859171,-4.693016
13.24583,305.655,5.854309,-4.684122
13.25417,305.826,5.849377,-4.675084
13.2625,305.9982,5.844341,-4.66644
13.27083,306.1632,5.839242,-4.657748
13.27916,306.3306,5.833785,-4.6495
13.2875,306.494,5.828187,-4.64087
13.29584,306.6697,5.822399,-4.632611
13.30417,306.8372,5.81652,-4.624052
13.3125,307.0057,5.810312,-4.61467
13.32083,307.1746,5.803596,-4.604464
13.32916,307.3452,5.795832,-4.593848
13.3375,307.5133,5.787104,-4.58312
13.34584,307.685,5.777824,-4.570997
13.35417,307.8577,5.76757,-4.557384
13.3625,308.0293,5.756562,-4.541146
13.37083,308.2004,5.744524,-4.522812
13.37917,308.375,5.731668,-4.501582
13.3875,308.5456,5.718293,-4.477675
13.39583,308.721,5.704638,-4.451697
13.40416,308.8941,5.69127,-4.422961
13.4125,309.0676,5.678592,-4.391482
13.42084,309.2404,5.666666,-4.356883
13.42917,309.4147,5.655012,-4.319786
13.4375,309.5874,5.644169,-4.280538
13.44583,309.7551,5.634224,-4.24017
13.45416,309.9313,5.625268,-4.198338
13.4625,310.0994,5.617251,-4.155183
13.47084,310.2768,5.609759,-4.111178
13.47917,310.444,5.602844,-4.065525
13.4875,310.6184,5.596115,-4.018725
13.49583,310.7898,5.589782,-3.971
13.50417,310.9624,5.583606,-3.92286
13.5125,311.135,5.57782,-3.874234
13.52083,311.3101,5.572254,-3.825671
13.52916,311.4824,5.566895,-3.776161
13.5375,311.6515,5.561864,-3.7262
13.54584,311.8275,5.556766,-3.676275
13.55417,311.9997,5.551982,-3.625798
13.5625,312.1755,5.547128,-3.57551
13.57083,312.3465,5.542459,-3.525444
13.57916,312.5224,5.537822,-3.474728
13.5875,312.6951,5.533287,-3.423176
13.59584,312.8711,5.528828,-3.371037
13.60417,313.0424,5.5244,-3.318666
13.6125,313.2125,5.520074,-3.266455
13.62083,313.3856,5.515715,-3.214072
13.62917,313.5617,5.511562,-3.1611
13.6375,313.7327,5.507325,-3.108256
13.64583,313.9079,5.503276,-3.054905
13.65416,314.0796,5.49926,-3.001366
13.6625,314.257,5.49525,-2.94749
13.67084,314.432,5.491418,-2.893718
13.67917,314.6076,5.487562,-2.840285
13.6875,314.7755,5.483889,-2.786377
13.69583,314.951,5.480185,-2.73248
13.70416,315.1207,5.47653,-2.678572
13.7125,315.2972,5.472934,-2.624932
13.72084,315.471,5.469326,-2.57098
13.72917,315.6442,5.465754,-2.517197
13.7375,315.8122,5.462149,-2.463254
